"FastElements","FastInsertionSort","RandomPermutation","40000","399430713","1835","0"
"FastElements","FastInsertionSort","RandomPermutation","60000","899494758","5128","0"
"FastElements","FastInsertionSort","RandomPermutation","80000","1605963908","13987","0"
"FastElements","FastInsertionSort","RandomPermutation","100000","2499986360","13402","0"
"FastElements","FastInsertionSort","RandomPermutation","120000","3601898498","16596","0"
"FastElements","FastInsertionSort","RandomPermutation","140000","4913775904","31450","0"
"FastElements","FastInsertionSort","RandomPermutation","160000","6399209499","44618","0"
"FastElements","FastInsertionSort","RandomPermutation","180000","8104140668","54346","0"
"FastElements","FastInsertionSort","RandomPermutation","200000","9992226953","87976","0"
"FastElements","FastInsertionSort","ReversePermutation","40000","799980000","6610","0"
"FastElements","FastInsertionSort","ReversePermutation","60000","1799970000","18629","0"
"FastElements","FastInsertionSort","ReversePermutation","80000","3199960000","32318","0"
"FastElements","FastInsertionSort","ReversePermutation","100000","4999950000","24851","0"
"FastElements","FastInsertionSort","ReversePermutation","120000","7199940000","45867","0"
"FastElements","FastInsertionSort","ReversePermutation","140000","9799930000","76693","0"
"FastElements","FastInsertionSort","ReversePermutation","160000","12799920000","92001","0"
"FastElements","FastInsertionSort","ReversePermutation","180000","16199910000","102684","0"
"FastElements","FastInsertionSort","ReversePermutation","200000","19999900000","124857","0"
"FastElements","FastInsertionSort","AlmostSortedPermutation","40000","76135790","369","0"
"FastElements","FastInsertionSort","AlmostSortedPermutation","60000","170026576","809","0"
"FastElements","FastInsertionSort","AlmostSortedPermutation","80000","301950368","2317","0"
"FastElements","FastInsertionSort","AlmostSortedPermutation","100000","467708845","2562","0"
"FastElements","FastInsertionSort","AlmostSortedPermutation","120000","674784226","3597","0"
"FastElements","FastInsertionSort","AlmostSortedPermutation","140000","912848386","6432","0"
"FastElements","FastInsertionSort","AlmostSortedPermutation","160000","1192424996","8862","0"
"FastElements","FastInsertionSort","AlmostSortedPermutation","180000","1507156933","9517","0"
"FastElements","FastInsertionSort","AlmostSortedPermutation","200000","1850257859","11886","0"
"FastElements","SelectionSort","RandomPermutation","40000","799980000","558","0"
"FastElements","SelectionSort","RandomPermutation","60000","1799970000","1238","0"
"FastElements","SelectionSort","RandomPermutation","80000","3199960000","2173","0"
"FastElements","SelectionSort","RandomPermutation","100000","4999950000","3386","0"
"FastElements","SelectionSort","RandomPermutation","120000","7199940000","4958","0"
"FastElements","SelectionSort","RandomPermutation","140000","9799930000","6691","0"
"FastElements","SelectionSort","RandomPermutation","160000","12799920000","8720","0"
"FastElements","SelectionSort","RandomPermutation","180000","16199910000","11085","0"
"FastElements","SelectionSort","RandomPermutation","200000","19999900000","13588","0"
"FastElements","SelectionSort","ReversePermutation","40000","799980000","679","0"
"FastElements","SelectionSort","ReversePermutation","60000","1799970000","1472","0"
"FastElements","SelectionSort","ReversePermutation","80000","3199960000","2652","0"
"FastElements","SelectionSort","ReversePermutation","100000","4999950000","4144","0"
"FastElements","SelectionSort","ReversePermutation","120000","7199940000","5941","0"
"FastElements","SelectionSort","ReversePermutation","140000","9799930000","8174","0"
"FastElements","SelectionSort","ReversePermutation","160000","12799920000","10554","0"
"FastElements","SelectionSort","ReversePermutation","180000","16199910000","13477","0"
"FastElements","SelectionSort","ReversePermutation","200000","19999900000","16615","0"
"FastElements","SelectionSort","AlmostSortedPermutation","40000","799980000","515","0"
"FastElements","SelectionSort","AlmostSortedPermutation","60000","1799970000","1243","0"
"FastElements","SelectionSort","AlmostSortedPermutation","80000","3199960000","2218","0"
"FastElements","SelectionSort","AlmostSortedPermutation","100000","4999950000","3400","0"
"FastElements","SelectionSort","AlmostSortedPermutation","120000","7199940000","4954","0"
"FastElements","SelectionSort","AlmostSortedPermutation","140000","9799930000","6735","0"
"FastElements","SelectionSort","AlmostSortedPermutation","160000","12799920000","8724","0"
"FastElements","SelectionSort","AlmostSortedPermutation","180000","16199910000","11071","0"
"FastElements","SelectionSort","AlmostSortedPermutation","200000","19999900000","13660","0"
"FastElements","FastInsertionSort","RandomPermutation","40000","399430713","1800","0"
"FastElements","FastInsertionSort","RandomPermutation","60000","899494758","8072","0"
"FastElements","FastInsertionSort","RandomPermutation","80000","1605963908","7117","0"
"FastElements","FastInsertionSort","RandomPermutation","100000","2499986360","25420","0"
"FastElements","FastInsertionSort","RandomPermutation","120000","3601898498","22808","0"
"FastElements","FastInsertionSort","RandomPermutation","140000","4913775904","29960","0"
"FastElements","FastInsertionSort","RandomPermutation","160000","6399209499","39676","0"
"FastElements","FastInsertionSort","RandomPermutation","180000","8104140668","58141","0"
"FastElements","FastInsertionSort","RandomPermutation","200000","9992226953","73136","0"
"FastElements","FastInsertionSort","ReversePermutation","40000","799980000","3415","0"
"FastElements","FastInsertionSort","ReversePermutation","60000","1799970000","12531","0"
"FastElements","FastInsertionSort","ReversePermutation","80000","3199960000","14428","0"
"FastElements","FastInsertionSort","ReversePermutation","100000","4999950000","22929","0"
"FastElements","FastInsertionSort","ReversePermutation","120000","7199940000","75440","0"
"FastElements","FastInsertionSort","ReversePermutation","140000","9799930000","103032","0"
"FastElements","FastInsertionSort","ReversePermutation","160000","12799920000","96765","0"
"FastElements","FastInsertionSort","ReversePermutation","180000","16199910000","129595","0"
"FastElements","FastInsertionSort","ReversePermutation","200000","19999900000","156928","0"
"FastElements","FastInsertionSort","AlmostSortedPermutation","40000","76135790","707","0"
"FastElements","FastInsertionSort","AlmostSortedPermutation","60000","170026576","1691","0"
"FastElements","FastInsertionSort","AlmostSortedPermutation","80000","301950368","2326","0"
"FastElements","FastInsertionSort","AlmostSortedPermutation","100000","467708845","2121","0"
"FastElements","FastInsertionSort","AlmostSortedPermutation","120000","674784226","5904","0"
"FastElements","FastInsertionSort","AlmostSortedPermutation","140000","912848386","7123","0"
"FastElements","FastInsertionSort","AlmostSortedPermutation","160000","1192424996","10186","0"
"FastElements","FastInsertionSort","AlmostSortedPermutation","180000","1507156933","9976","0"
"FastElements","FastInsertionSort","AlmostSortedPermutation","200000","1850257859","16339","0"
"FastElements","SelectionSort","RandomPermutation","40000","799980000","524","0"
"FastElements","SelectionSort","RandomPermutation","60000","1799970000","1196","0"
"FastElements","SelectionSort","RandomPermutation","80000","3199960000","2161","0"
"FastElements","SelectionSort","RandomPermutation","100000","4999950000","3458","0"
"FastElements","SelectionSort","RandomPermutation","120000","7199940000","4919","0"
"FastElements","SelectionSort","RandomPermutation","140000","9799930000","6672","0"
"FastElements","SelectionSort","RandomPermutation","160000","12799920000","8803","0"
"FastElements","SelectionSort","RandomPermutation","180000","16199910000","11057","0"
"FastElements","SelectionSort","RandomPermutation","200000","19999900000","13709","0"
"FastElements","SelectionSort","ReversePermutation","40000","799980000","663","0"
"FastElements","SelectionSort","ReversePermutation","60000","1799970000","1474","0"
"FastElements","SelectionSort","ReversePermutation","80000","3199960000","2689","0"
"FastElements","SelectionSort","ReversePermutation","100000","4999950000","4169","0"
"FastElements","SelectionSort","ReversePermutation","120000","7199940000","5967","0"
"FastElements","SelectionSort","ReversePermutation","140000","9799930000","8052","0"
"FastElements","SelectionSort","ReversePermutation","160000","12799920000","10466","0"
"FastElements","SelectionSort","ReversePermutation","180000","16199910000","13400","0"
"FastElements","SelectionSort","ReversePermutation","200000","19999900000","16398","0"
"FastElements","SelectionSort","AlmostSortedPermutation","40000","799980000","528","0"
"FastElements","SelectionSort","AlmostSortedPermutation","60000","1799970000","1234","0"
"FastElements","SelectionSort","AlmostSortedPermutation","80000","3199960000","2172","0"
"FastElements","SelectionSort","AlmostSortedPermutation","100000","4999950000","3390","0"
"FastElements","SelectionSort","AlmostSortedPermutation","120000","7199940000","4851","0"
"FastElements","SelectionSort","AlmostSortedPermutation","140000","9799930000","6460","0"
"FastElements","SelectionSort","AlmostSortedPermutation","160000","12799920000","8568","0"
"FastElements","SelectionSort","AlmostSortedPermutation","180000","16199910000","10943","0"
"FastElements","SelectionSort","AlmostSortedPermutation","200000","19999900000","13605","0"
"FastElements","FastInsertionSort","RandomPermutation","40000","399430713","4113","0"
"FastElements","FastInsertionSort","RandomPermutation","60000","899494758","4309","0"
"FastElements","FastInsertionSort","RandomPermutation","80000","1605963908","10451","0"
"FastElements","FastInsertionSort","RandomPermutation","100000","2499986360","23028","0"
"FastElements","FastInsertionSort","RandomPermutation","120000","3601898498","16904","0"
"FastElements","FastInsertionSort","RandomPermutation","140000","4913775904","36986","0"
"FastElements","FastInsertionSort","RandomPermutation","160000","6399209499","46095","0"
"FastElements","FastInsertionSort","RandomPermutation","180000","8104140668","53408","0"
"FastElements","FastInsertionSort","RandomPermutation","200000","9992226953","96028","0"
"FastElements","FastInsertionSort","ReversePermutation","40000","799980000","4057","0"
"FastElements","FastInsertionSort","ReversePermutation","60000","1799970000","9761","0"
"FastElements","FastInsertionSort","ReversePermutation","80000","3199960000","25394","0"
"FastElements","FastInsertionSort","ReversePermutation","100000","4999950000","28812","0"
"FastElements","FastInsertionSort","ReversePermutation","120000","7199940000","75700","0"
"FastElements","FastInsertionSort","ReversePermutation","140000","9799930000","64809","0"
"FastElements","FastInsertionSort","ReversePermutation","160000","12799920000","93285","0"
"FastElements","FastInsertionSort","ReversePermutation","180000","16199910000","118989","0"
"FastElements","FastInsertionSort","ReversePermutation","200000","19999900000","124705","0"
"FastElements","FastInsertionSort","AlmostSortedPermutation","40000","76135790","465","0"
"FastElements","FastInsertionSort","AlmostSortedPermutation","60000","170026576","753","0"
"FastElements","FastInsertionSort","AlmostSortedPermutation","80000","301950368","1583","0"
"FastElements","FastInsertionSort","AlmostSortedPermutation","100000","467708845","2416","0"
"FastElements","FastInsertionSort","AlmostSortedPermutation","120000","674784226","3827","0"
"FastElements","FastInsertionSort","AlmostSortedPermutation","140000","912848386","6047","0"
"FastElements","FastInsertionSort","AlmostSortedPermutation","160000","1192424996","7377","0"
"FastElements","FastInsertionSort","AlmostSortedPermutation","180000","1507156933","11154","0"
"FastElements","FastInsertionSort","AlmostSortedPermutation","200000","1850257859","11484","0"
"FastElements","SelectionSort","RandomPermutation","40000","799980000","519","0"
"FastElements","SelectionSort","RandomPermutation","60000","1799970000","1292","0"
"FastElements","SelectionSort","RandomPermutation","80000","3199960000","2162","0"
"FastElements","SelectionSort","RandomPermutation","100000","4999950000","3395","0"
"FastElements","SelectionSort","RandomPermutation","120000","7199940000","4959","0"
"FastElements","SelectionSort","RandomPermutation","140000","9799930000","6820","0"
"FastElements","SelectionSort","RandomPermutation","160000","12799920000","8811","0"
"FastElements","SelectionSort","RandomPermutation","180000","16199910000","11026","0"
"FastElements","SelectionSort","RandomPermutation","200000","19999900000","13615","0"
"FastElements","SelectionSort","ReversePermutation","40000","799980000","648","0"
"FastElements","SelectionSort","ReversePermutation","60000","1799970000","1499","0"
"FastElements","SelectionSort","ReversePermutation","80000","3199960000","2631","0"
"FastElements","SelectionSort","ReversePermutation","100000","4999950000","4177","0"
"FastElements","SelectionSort","ReversePermutation","120000","7199940000","5964","0"
"FastElements","SelectionSort","ReversePermutation","140000","9799930000","8084","0"
"FastElements","SelectionSort","ReversePermutation","160000","12799920000","10617","0"
"FastElements","SelectionSort","ReversePermutation","180000","16199910000","13504","0"
"FastElements","SelectionSort","ReversePermutation","200000","19999900000","16614","0"
"FastElements","SelectionSort","AlmostSortedPermutation","40000","799980000","513","0"
"FastElements","SelectionSort","AlmostSortedPermutation","60000","1799970000","1214","0"
"FastElements","SelectionSort","AlmostSortedPermutation","80000","3199960000","2233","0"
"FastElements","SelectionSort","AlmostSortedPermutation","100000","4999950000","3453","0"
"FastElements","SelectionSort","AlmostSortedPermutation","120000","7199940000","4897","0"
"FastElements","SelectionSort","AlmostSortedPermutation","140000","9799930000","6644","0"
"FastElements","SelectionSort","AlmostSortedPermutation","160000","12799920000","8756","0"
"FastElements","SelectionSort","AlmostSortedPermutation","180000","16199910000","11053","0"
"FastElements","SelectionSort","AlmostSortedPermutation","200000","19999900000","13489","0"
"FastElements","QuickSort(MEDIAN_OF_THREE,Iterative)","RandomPermutation","100000","2531944","22","171480"
"FastElements","QuickSort(MEDIAN_OF_THREE,Iterative)","RandomPermutation","200000","5450188","26","343323"
"FastElements","QuickSort(MEDIAN_OF_THREE,Iterative)","RandomPermutation","300000","8389454","59","514425"
"FastElements","QuickSort(MEDIAN_OF_THREE,Iterative)","RandomPermutation","400000","11527827","60","685719"
"FastElements","QuickSort(MEDIAN_OF_THREE,Iterative)","RandomPermutation","500000","14552554","72","856284"
"FastElements","QuickSort(MEDIAN_OF_THREE,Iterative)","RandomPermutation","600000","17679925","88","1028181"
"FastElements","QuickSort(MEDIAN_OF_THREE,Iterative)","RandomPermutation","700000","20968400","104","1199970"
"FastElements","QuickSort(MEDIAN_OF_THREE,Iterative)","RandomPermutation","800000","24279299","136","1372062"
"FastElements","QuickSort(MEDIAN_OF_THREE,Iterative)","RandomPermutation","900000","28071011","155","1542645"
"FastElements","QuickSort(MEDIAN_OF_THREE,Iterative)","RandomPermutation","1000000","30927315","178","1714041"
"FastElements","QuickSort(MEDIAN_OF_THREE,Iterative)","RandomPermutation","1100000","34113984","169","1886070"
"FastElements","QuickSort(MEDIAN_OF_THREE,Iterative)","RandomPermutation","1200000","37553484","206","2057397"
"FastElements","QuickSort(MEDIAN_OF_THREE,Iterative)","RandomPermutation","1300000","41325090","247","2228784"
"FastElements","QuickSort(MEDIAN_OF_THREE,Iterative)","RandomPermutation","1400000","44304400","247","2399793"
"FastElements","QuickSort(MEDIAN_OF_THREE,Iterative)","RandomPermutation","1500000","47837838","286","2572092"
"FastElements","QuickSort(MEDIAN_OF_THREE,Iterative)","RandomPermutation","1600000","51050703","249","2742702"
"FastElements","QuickSort(MEDIAN_OF_THREE,Iterative)","RandomPermutation","1700000","54991845","266","2914626"
"FastElements","QuickSort(MEDIAN_OF_THREE,Iterative)","RandomPermutation","1800000","58379950","292","3086106"
"FastElements","QuickSort(MEDIAN_OF_THREE,Iterative)","RandomPermutation","1900000","61855645","298","3257019"
"FastElements","QuickSort(MEDIAN_OF_THREE,Iterative)","RandomPermutation","2000000","64852452","368","3428865"
"FastElements","QuickSort(MEDIAN_OF_THREE,Iterative)","RandomPermutation","2100000","68094892","409","3599574"
"FastElements","QuickSort(MEDIAN_OF_THREE,Iterative)","RandomPermutation","2200000","72439400","348","3771402"
"FastElements","QuickSort(MEDIAN_OF_THREE,Iterative)","RandomPermutation","2300000","76475307","431","3942471"
"FastElements","QuickSort(MEDIAN_OF_THREE,Iterative)","RandomPermutation","2400000","79553600","405","4113582"
"FastElements","QuickSort(MEDIAN_OF_THREE,Iterative)","RandomPermutation","2500000","83272921","464","4285089"
"FastElements","QuickSort(MEDIAN_OF_THREE,Iterative)","RandomPermutation","2600000","86333326","485","4457109"
"FastElements","QuickSort(MEDIAN_OF_THREE,Iterative)","RandomPermutation","2700000","89454392","458","4628811"
"FastElements","QuickSort(MEDIAN_OF_THREE,Iterative)","RandomPermutation","2800000","93402515","475","4800711"
"FastElements","QuickSort(MEDIAN_OF_THREE,Iterative)","RandomPermutation","2900000","96677690","472","4972029"
"FastElements","QuickSort(MEDIAN_OF_THREE,Iterative)","RandomPermutation","3000000","100150279","534","5141895"
"FastElements","QuickSort(MEDIAN_OF_THREE,Iterative)","RandomPermutation","3100000","104382462","559","5314101"
"FastElements","QuickSort(MEDIAN_OF_THREE,Iterative)","RandomPermutation","3200000","108540346","548","5485464"
"FastElements","QuickSort(MEDIAN_OF_THREE,Iterative)","RandomPermutation","3300000","111143968","569","5657004"
"FastElements","QuickSort(MEDIAN_OF_THREE,Iterative)","RandomPermutation","3400000","114890812","577","5828895"
"FastElements","QuickSort(MEDIAN_OF_THREE,Iterative)","RandomPermutation","3500000","119682930","596","5999190"
"FastElements","QuickSort(MEDIAN_OF_THREE,Iterative)","RandomPermutation","3600000","121675598","723","6170754"
"FastElements","QuickSort(MEDIAN_OF_THREE,Iterative)","RandomPermutation","3700000","128674614","711","6343704"
"FastElements","QuickSort(MEDIAN_OF_THREE,Iterative)","RandomPermutation","3800000","128645009","690","6514530"
"FastElements","QuickSort(MEDIAN_OF_THREE,Iterative)","RandomPermutation","3900000","135175601","685","6686844"
"FastElements","QuickSort(MEDIAN_OF_THREE,Iterative)","RandomPermutation","4000000","136179495","696","6858555"
"FastElements","QuickSort(MEDIAN_OF_THREE,Iterative)","RandomPermutation","4100000","140186111","745","7029021"
"FastElements","QuickSort(MEDIAN_OF_THREE,Iterative)","RandomPermutation","4200000","146169731","691","7199556"
"FastElements","QuickSort(MEDIAN_OF_THREE,Iterative)","RandomPermutation","4300000","147655586","809","7370784"
"FastElements","QuickSort(MEDIAN_OF_THREE,Iterative)","RandomPermutation","4400000","151924433","776","7542849"
"FastElements","QuickSort(MEDIAN_OF_THREE,Iterative)","RandomPermutation","4500000","156316383","815","7714329"
"FastElements","QuickSort(MEDIAN_OF_THREE,Iterative)","RandomPermutation","4600000","159414169","778","7885218"
"FastElements","QuickSort(MEDIAN_OF_THREE,Iterative)","RandomPermutation","4700000","163504669","859","8056548"
"FastElements","QuickSort(MEDIAN_OF_THREE,Iterative)","RandomPermutation","4800000","165732807","849","8229708"
"FastElements","QuickSort(MEDIAN_OF_THREE,Iterative)","RandomPermutation","4900000","172388377","933","8400930"
"FastElements","QuickSort(MEDIAN_OF_THREE,Iterative)","RandomPermutation","5000000","175236366","896","8571228"
"FastElements","QuickSort(MEDIAN_OF_THREE,Iterative)","RandomPermutation","5100000","177107737","900","8742720"
"FastElements","QuickSort(MEDIAN_OF_THREE,Iterative)","RandomPermutation","5200000","180271840","912","8912832"
"FastElements","QuickSort(MEDIAN_OF_THREE,Iterative)","RandomPermutation","5300000","184010222","953","9084780"
"FastElements","QuickSort(MEDIAN_OF_THREE,Iterative)","RandomPermutation","5400000","189248995","931","9256728"
"FastElements","QuickSort(MEDIAN_OF_THREE,Iterative)","RandomPermutation","5500000","192389489","1017","9428271"
"FastElements","QuickSort(MEDIAN_OF_THREE,Iterative)","RandomPermutation","5600000","197328437","1049","9601959"
"FastElements","QuickSort(MEDIAN_OF_THREE,Iterative)","RandomPermutation","5700000","200308292","1020","9772317"
"FastElements","QuickSort(MEDIAN_OF_THREE,Iterative)","RandomPermutation","5800000","206510571","1078","9944094"
"FastElements","QuickSort(MEDIAN_OF_THREE,Iterative)","RandomPermutation","5900000","206958030","1034","10112343"
"FastElements","QuickSort(MEDIAN_OF_THREE,Iterative)","RandomPermutation","6000000","210195649","1088","10286418"
"FastElements","QuickSort(MEDIAN_OF_THREE,Iterative)","RandomPermutation","6100000","216542331","1157","10457133"
"FastElements","QuickSort(MEDIAN_OF_THREE,Iterative)","RandomPermutation","6200000","220590080","1100","10629750"
"FastElements","QuickSort(MEDIAN_OF_THREE,Iterative)","RandomPermutation","6300000","222637847","1120","10798719"
"FastElements","QuickSort(MEDIAN_OF_THREE,Iterative)","RandomPermutation","6400000","226873516","1180","10970136"
"FastElements","QuickSort(MEDIAN_OF_THREE,Iterative)","RandomPermutation","6500000","232004054","1189","11142402"
"FastElements","QuickSort(MEDIAN_OF_THREE,Iterative)","RandomPermutation","6600000","232612732","1278","11315334"
"FastElements","QuickSort(MEDIAN_OF_THREE,Iterative)","RandomPermutation","6700000","238549621","1248","11486268"
"FastElements","QuickSort(MEDIAN_OF_THREE,Iterative)","RandomPermutation","6800000","243634847","1240","11658579"
"FastElements","QuickSort(MEDIAN_OF_THREE,Iterative)","RandomPermutation","6900000","248047418","1270","11828283"
"FastElements","QuickSort(MEDIAN_OF_THREE,Iterative)","RandomPermutation","7000000","247384688","1244","12000369"
"FastElements","QuickSort(MEDIAN_OF_THREE,Iterative)","RandomPermutation","7100000","259233619","1293","12169707"
"FastElements","QuickSort(MEDIAN_OF_THREE,Iterative)","RandomPermutation","7200000","260209936","1269","12343593"
"FastElements","QuickSort(MEDIAN_OF_THREE,Iterative)","RandomPermutation","7300000","258881331","1340","12513486"
"FastElements","QuickSort(MEDIAN_OF_THREE,Iterative)","RandomPermutation","7400000","262144699","1348","12684996"
"FastElements","QuickSort(MEDIAN_OF_THREE,Iterative)","RandomPermutation","7500000","268820419","1329","12855396"
"FastElements","QuickSort(MEDIAN_OF_THREE,Iterative)","RandomPermutation","7600000","272856083","1382","13028655"
"FastElements","QuickSort(MEDIAN_OF_THREE,Iterative)","RandomPermutation","7700000","275097380","1355","13198050"
"FastElements","QuickSort(MEDIAN_OF_THREE,Iterative)","RandomPermutation","7800000","281383844","1382","13370130"
"FastElements","QuickSort(MEDIAN_OF_THREE,Iterative)","RandomPermutation","7900000","287193369","1379","13543410"
"FastElements","QuickSort(MEDIAN_OF_THREE,Iterative)","RandomPermutation","8000000","288981771","1461","13714725"
"FastElements","QuickSort(MEDIAN_OF_THREE,Iterative)","RandomPermutation","8100000","292015592","1502","13885563"
"FastElements","QuickSort(MEDIAN_OF_THREE,Iterative)","RandomPermutation","8200000","297513595","1455","14058915"
"FastElements","QuickSort(MEDIAN_OF_THREE,Iterative)","RandomPermutation","8300000","300188177","1431","14228070"
"FastElements","QuickSort(MEDIAN_OF_THREE,Iterative)","RandomPermutation","8400000","301710277","1549","14400732"
"FastElements","QuickSort(MEDIAN_OF_THREE,Iterative)","RandomPermutation","8500000","307138664","1554","14572752"
"FastElements","QuickSort(MEDIAN_OF_THREE,Iterative)","RandomPermutation","8600000","316758236","1575","14742009"
"FastElements","QuickSort(MEDIAN_OF_THREE,Iterative)","RandomPermutation","8700000","315377310","1618","14913594"
"FastElements","QuickSort(MEDIAN_OF_THREE,Iterative)","RandomPermutation","8800000","319331032","1672","15087966"
"FastElements","QuickSort(MEDIAN_OF_THREE,Iterative)","RandomPermutation","8900000","328342294","1608","15256575"
"FastElements","QuickSort(MEDIAN_OF_THREE,Iterative)","RandomPermutation","9000000","327941454","1680","15429318"
"FastElements","QuickSort(MEDIAN_OF_THREE,Iterative)","RandomPermutation","9100000","327870723","1700","15599331"
"FastElements","QuickSort(MEDIAN_OF_THREE,Iterative)","RandomPermutation","9200000","334572335","1642","15770199"
"FastElements","QuickSort(MEDIAN_OF_THREE,Iterative)","RandomPermutation","9300000","337001097","1687","15943389"
"FastElements","QuickSort(MEDIAN_OF_THREE,Iterative)","RandomPermutation","9400000","340463640","1699","16116420"
"FastElements","QuickSort(MEDIAN_OF_THREE,Iterative)","RandomPermutation","9500000","348099791","1791","16284060"
"FastElements","QuickSort(MEDIAN_OF_THREE,Iterative)","RandomPermutation","9600000","353351108","1792","16458417"
"FastElements","QuickSort(MEDIAN_OF_THREE,Iterative)","RandomPermutation","9700000","351635595","1753","16628832"
"FastElements","QuickSort(MEDIAN_OF_THREE,Iterative)","RandomPermutation","9800000","355254340","1822","16799799"
"FastElements","QuickSort(MEDIAN_OF_THREE,Iterative)","RandomPermutation","9900000","361182504","1789","16969749"
"FastElements","QuickSort(MEDIAN_OF_THREE,Iterative)","RandomPermutation","10000000","362078716","1800","17142123"
"FastElements","QuickSort(MEDIAN_OF_THREE)","RandomPermutation","100000","2531944","12","171480"
"FastElements","QuickSort(MEDIAN_OF_THREE)","RandomPermutation","200000","5450188","46","343323"
"FastElements","QuickSort(MEDIAN_OF_THREE)","RandomPermutation","300000","8389454","44","514425"
"FastElements","QuickSort(MEDIAN_OF_THREE)","RandomPermutation","400000","11527827","57","685719"
"FastElements","QuickSort(MEDIAN_OF_THREE)","RandomPermutation","500000","14552554","72","856284"
"FastElements","QuickSort(MEDIAN_OF_THREE)","RandomPermutation","600000","17679925","88","1028181"
"FastElements","QuickSort(MEDIAN_OF_THREE)","RandomPermutation","700000","20968400","104","1199970"
"FastElements","QuickSort(MEDIAN_OF_THREE)","RandomPermutation","800000","24279299","120","1372062"
"FastElements","QuickSort(MEDIAN_OF_THREE)","RandomPermutation","900000","28071011","136","1542645"
"FastElements","QuickSort(MEDIAN_OF_THREE)","RandomPermutation","1000000","30927315","195","1714041"
"FastElements","QuickSort(MEDIAN_OF_THREE)","RandomPermutation","1100000","34113984","169","1886070"
"FastElements","QuickSort(MEDIAN_OF_THREE)","RandomPermutation","1200000","37553484","184","2057397"
"FastElements","QuickSort(MEDIAN_OF_THREE)","RandomPermutation","1300000","41325090","241","2228784"
"FastElements","QuickSort(MEDIAN_OF_THREE)","RandomPermutation","1400000","44304400","215","2399793"
"FastElements","QuickSort(MEDIAN_OF_THREE)","RandomPermutation","1500000","47837838","231","2572092"
"FastElements","QuickSort(MEDIAN_OF_THREE)","RandomPermutation","1600000","51050703","271","2742702"
"FastElements","QuickSort(MEDIAN_OF_THREE)","RandomPermutation","1700000","54991845","265","2914626"
"FastElements","QuickSort(MEDIAN_OF_THREE)","RandomPermutation","1800000","58379950","321","3086106"
"FastElements","QuickSort(MEDIAN_OF_THREE)","RandomPermutation","1900000","61855645","299","3257019"
"FastElements","QuickSort(MEDIAN_OF_THREE)","RandomPermutation","2000000","64852452","371","3428865"
"FastElements","QuickSort(MEDIAN_OF_THREE)","RandomPermutation","2100000","68094892","352","3599574"
"FastElements","QuickSort(MEDIAN_OF_THREE)","RandomPermutation","2200000","72439400","370","3771402"
"FastElements","QuickSort(MEDIAN_OF_THREE)","RandomPermutation","2300000","76475307","398","3942471"
"FastElements","QuickSort(MEDIAN_OF_THREE)","RandomPermutation","2400000","79553600","416","4113582"
"FastElements","QuickSort(MEDIAN_OF_THREE)","RandomPermutation","2500000","83272921","428","4285089"
"FastElements","QuickSort(MEDIAN_OF_THREE)","RandomPermutation","2600000","86333326","421","4457109"
"FastElements","QuickSort(MEDIAN_OF_THREE)","RandomPermutation","2700000","89454392","441","4628811"
"FastElements","QuickSort(MEDIAN_OF_THREE)","RandomPermutation","2800000","93402515","494","4800711"
"FastElements","QuickSort(MEDIAN_OF_THREE)","RandomPermutation","2900000","96677690","534","4972029"
"FastElements","QuickSort(MEDIAN_OF_THREE)","RandomPermutation","3000000","100150279","531","5141895"
"FastElements","QuickSort(MEDIAN_OF_THREE)","RandomPermutation","3100000","104382462","537","5314101"
"FastElements","QuickSort(MEDIAN_OF_THREE)","RandomPermutation","3200000","108540346","557","5485464"
"FastElements","QuickSort(MEDIAN_OF_THREE)","RandomPermutation","3300000","111143968","561","5657004"
"FastElements","QuickSort(MEDIAN_OF_THREE)","RandomPermutation","3400000","114890812","560","5828895"
"FastElements","QuickSort(MEDIAN_OF_THREE)","RandomPermutation","3500000","119682930","576","5999190"
"FastElements","QuickSort(MEDIAN_OF_THREE)","RandomPermutation","3600000","121675598","611","6170754"
"FastElements","QuickSort(MEDIAN_OF_THREE)","RandomPermutation","3700000","128674614","612","6343704"
"FastElements","QuickSort(MEDIAN_OF_THREE)","RandomPermutation","3800000","128645009","675","6514530"
"FastElements","QuickSort(MEDIAN_OF_THREE)","RandomPermutation","3900000","135175601","692","6686844"
"FastElements","QuickSort(MEDIAN_OF_THREE)","RandomPermutation","4000000","136179495","731","6858555"
"FastElements","QuickSort(MEDIAN_OF_THREE)","RandomPermutation","4100000","140186111","770","7029021"
"FastElements","QuickSort(MEDIAN_OF_THREE)","RandomPermutation","4200000","146169731","714","7199556"
"FastElements","QuickSort(MEDIAN_OF_THREE)","RandomPermutation","4300000","147655586","718","7370784"
"FastElements","QuickSort(MEDIAN_OF_THREE)","RandomPermutation","4400000","151924433","781","7542849"
"FastElements","QuickSort(MEDIAN_OF_THREE)","RandomPermutation","4500000","156316383","816","7714329"
"FastElements","QuickSort(MEDIAN_OF_THREE)","RandomPermutation","4600000","159414169","847","7885218"
"FastElements","QuickSort(MEDIAN_OF_THREE)","RandomPermutation","4700000","163504669","784","8056548"
"FastElements","QuickSort(MEDIAN_OF_THREE)","RandomPermutation","4800000","165732807","857","8229708"
"FastElements","QuickSort(MEDIAN_OF_THREE)","RandomPermutation","4900000","172388377","857","8400930"
"FastElements","QuickSort(MEDIAN_OF_THREE)","RandomPermutation","5000000","175236366","868","8571228"
"FastElements","QuickSort(MEDIAN_OF_THREE)","RandomPermutation","5100000","177107737","895","8742720"
"FastElements","QuickSort(MEDIAN_OF_THREE)","RandomPermutation","5200000","180271840","911","8912832"
"FastElements","QuickSort(MEDIAN_OF_THREE)","RandomPermutation","5300000","184010222","953","9084780"
"FastElements","QuickSort(MEDIAN_OF_THREE)","RandomPermutation","5400000","189248995","959","9256728"
"FastElements","QuickSort(MEDIAN_OF_THREE)","RandomPermutation","5500000","192389489","968","9428271"
"FastElements","QuickSort(MEDIAN_OF_THREE)","RandomPermutation","5600000","197328437","1011","9601959"
"FastElements","QuickSort(MEDIAN_OF_THREE)","RandomPermutation","5700000","200308292","1025","9772317"
"FastElements","QuickSort(MEDIAN_OF_THREE)","RandomPermutation","5800000","206510571","1031","9944094"
"FastElements","QuickSort(MEDIAN_OF_THREE)","RandomPermutation","5900000","206958030","1065","10112343"
"FastElements","QuickSort(MEDIAN_OF_THREE)","RandomPermutation","6000000","210195649","1088","10286418"
"FastElements","QuickSort(MEDIAN_OF_THREE)","RandomPermutation","6100000","216542331","1115","10457133"
"FastElements","QuickSort(MEDIAN_OF_THREE)","RandomPermutation","6200000","220590080","1131","10629750"
"FastElements","QuickSort(MEDIAN_OF_THREE)","RandomPermutation","6300000","222637847","1132","10798719"
"FastElements","QuickSort(MEDIAN_OF_THREE)","RandomPermutation","6400000","226873516","1185","10970136"
"FastElements","QuickSort(MEDIAN_OF_THREE)","RandomPermutation","6500000","232004054","1199","11142402"
"FastElements","QuickSort(MEDIAN_OF_THREE)","RandomPermutation","6600000","232612732","1173","11315334"
"FastElements","QuickSort(MEDIAN_OF_THREE)","RandomPermutation","6700000","238549621","1229","11486268"
"FastElements","QuickSort(MEDIAN_OF_THREE)","RandomPermutation","6800000","243634847","1310","11658579"
"FastElements","QuickSort(MEDIAN_OF_THREE)","RandomPermutation","6900000","248047418","1335","11828283"
"FastElements","QuickSort(MEDIAN_OF_THREE)","RandomPermutation","7000000","247384688","1243","12000369"
"FastElements","QuickSort(MEDIAN_OF_THREE)","RandomPermutation","7100000","259233619","1297","12169707"
"FastElements","QuickSort(MEDIAN_OF_THREE)","RandomPermutation","7200000","260209936","1306","12343593"
"FastElements","QuickSort(MEDIAN_OF_THREE)","RandomPermutation","7300000","258881331","1307","12513486"
"FastElements","QuickSort(MEDIAN_OF_THREE)","RandomPermutation","7400000","262144699","1310","12684996"
"FastElements","QuickSort(MEDIAN_OF_THREE)","RandomPermutation","7500000","268820419","1403","12855396"
"FastElements","QuickSort(MEDIAN_OF_THREE)","RandomPermutation","7600000","272856083","1450","13028655"
"FastElements","QuickSort(MEDIAN_OF_THREE)","RandomPermutation","7700000","275097380","1379","13198050"
"FastElements","QuickSort(MEDIAN_OF_THREE)","RandomPermutation","7800000","281383844","1381","13370130"
"FastElements","QuickSort(MEDIAN_OF_THREE)","RandomPermutation","7900000","287193369","1404","13543410"
"FastElements","QuickSort(MEDIAN_OF_THREE)","RandomPermutation","8000000","288981771","1439","13714725"
"FastElements","QuickSort(MEDIAN_OF_THREE)","RandomPermutation","8100000","292015592","1465","13885563"
"FastElements","QuickSort(MEDIAN_OF_THREE)","RandomPermutation","8200000","297513595","1543","14058915"
"FastElements","QuickSort(MEDIAN_OF_THREE)","RandomPermutation","8300000","300188177","1478","14228070"
"FastElements","QuickSort(MEDIAN_OF_THREE)","RandomPermutation","8400000","301710277","1524","14400732"
"FastElements","QuickSort(MEDIAN_OF_THREE)","RandomPermutation","8500000","307138664","1570","14572752"
"FastElements","QuickSort(MEDIAN_OF_THREE)","RandomPermutation","8600000","316758236","1522","14742009"
"FastElements","QuickSort(MEDIAN_OF_THREE)","RandomPermutation","8700000","315377310","1568","14913594"
"FastElements","QuickSort(MEDIAN_OF_THREE)","RandomPermutation","8800000","319331032","1614","15087966"
"FastElements","QuickSort(MEDIAN_OF_THREE)","RandomPermutation","8900000","328342294","1608","15256575"
"FastElements","QuickSort(MEDIAN_OF_THREE)","RandomPermutation","9000000","327941454","1671","15429318"
"FastElements","QuickSort(MEDIAN_OF_THREE)","RandomPermutation","9100000","327870723","1637","15599331"
"FastElements","QuickSort(MEDIAN_OF_THREE)","RandomPermutation","9200000","334572335","1730","15770199"
"FastElements","QuickSort(MEDIAN_OF_THREE)","RandomPermutation","9300000","337001097","1679","15943389"
"FastElements","QuickSort(MEDIAN_OF_THREE)","RandomPermutation","9400000","340463640","1732","16116420"
"FastElements","QuickSort(MEDIAN_OF_THREE)","RandomPermutation","9500000","348099791","1693","16284060"
"FastElements","QuickSort(MEDIAN_OF_THREE)","RandomPermutation","9600000","353351108","1812","16458417"
"FastElements","QuickSort(MEDIAN_OF_THREE)","RandomPermutation","9700000","351635595","1755","16628832"
"FastElements","QuickSort(MEDIAN_OF_THREE)","RandomPermutation","9800000","355254340","1777","16799799"
"FastElements","QuickSort(MEDIAN_OF_THREE)","RandomPermutation","9900000","361182504","1801","16969749"
"FastElements","QuickSort(MEDIAN_OF_THREE)","RandomPermutation","10000000","362078716","1824","17142123"
"FastElements","QuickSort(MEDIAN_OF_THREE,Iterative)","RandomPermutation","1000000","30927315","245","1714041"
"FastElements","QuickSort(MEDIAN_OF_THREE,Iterative)","RandomPermutation","2000000","64852452","367","3428865"
"FastElements","QuickSort(MEDIAN_OF_THREE,Iterative)","RandomPermutation","3000000","100150279","568","5141895"
"FastElements","QuickSort(MEDIAN_OF_THREE,Iterative)","RandomPermutation","4000000","136179495","739","6858555"
"FastElements","QuickSort(MEDIAN_OF_THREE,Iterative)","RandomPermutation","5000000","175236366","865","8571228"
"FastElements","QuickSort(MEDIAN_OF_THREE,Iterative)","RandomPermutation","6000000","210195649","1131","10286418"
"FastElements","QuickSort(MEDIAN_OF_THREE,Iterative)","RandomPermutation","7000000","247384688","1263","12000369"
"FastElements","QuickSort(MEDIAN_OF_THREE,Iterative)","RandomPermutation","8000000","288981771","1515","13714725"
"FastElements","QuickSort(MEDIAN_OF_THREE,Iterative)","RandomPermutation","9000000","327941454","1602","15429318"
"FastElements","QuickSort(MEDIAN_OF_THREE,Iterative)","RandomPermutation","10000000","362078716","1972","17142123"
"FastElements","QuickSort(MEDIAN_OF_THREE,Iterative)","RandomPermutation","11000000","404503871","2221","18856392"
"FastElements","QuickSort(MEDIAN_OF_THREE,Iterative)","RandomPermutation","12000000","442308636","2421","20570292"
"FastElements","QuickSort(MEDIAN_OF_THREE,Iterative)","RandomPermutation","13000000","485100741","2497","22288341"
"FastElements","QuickSort(MEDIAN_OF_THREE,Iterative)","RandomPermutation","14000000","523825933","2670","23997498"
"FastElements","QuickSort(MEDIAN_OF_THREE,Iterative)","RandomPermutation","15000000","566791170","2917","25714578"
"FastElements","QuickSort(MEDIAN_OF_THREE,Iterative)","RandomPermutation","16000000","604450525","3069","27427794"
"FastElements","QuickSort(MEDIAN_OF_THREE,Iterative)","RandomPermutation","17000000","640882570","3250","29140713"
"FastElements","QuickSort(MEDIAN_OF_THREE,Iterative)","RandomPermutation","18000000","679541536","3371","30853884"
"FastElements","QuickSort(MEDIAN_OF_THREE,Iterative)","RandomPermutation","19000000","717921698","3557","32570517"
"FastElements","QuickSort(MEDIAN_OF_THREE,Iterative)","RandomPermutation","20000000","769660527","3749","34286487"
"FastElements","QuickSort(MEDIAN_OF_THREE,Iterative)","RandomPermutation","21000000","802037751","4128","35996922""FastElements","QuickSort(MEDIAN_OF_THREE,Iterative)","RandomPermutation","1000000","30927315","179","1714041"
"FastElements","QuickSort(MEDIAN_OF_THREE,Iterative)","RandomPermutation","2000000","64852452","351","3428865"
"FastElements","QuickSort(MEDIAN_OF_THREE,Iterative)","RandomPermutation","3000000","100150279","555","5141895"
"FastElements","QuickSort(MEDIAN_OF_THREE,Iterative)","RandomPermutation","4000000","136179495","682","6858555"
"FastElements","QuickSort(MEDIAN_OF_THREE,Iterative)","RandomPermutation","5000000","175236366","868","8571228"
"FastElements","QuickSort(MEDIAN_OF_THREE,Iterative)","RandomPermutation","6000000","210195649","1144","10286418"
"FastElements","QuickSort(MEDIAN_OF_THREE,Iterative)","RandomPermutation","7000000","247384688","1236","12000369"
"FastElements","QuickSort(MEDIAN_OF_THREE,Iterative)","RandomPermutation","8000000","288981771","1488","13714725"
"FastElements","QuickSort(MEDIAN_OF_THREE,Iterative)","RandomPermutation","9000000","327941454","1654","15429318"
"FastElements","QuickSort(MEDIAN_OF_THREE,Iterative)","RandomPermutation","10000000","362078716","1920","17142123"
"FastElements","QuickSort(MEDIAN_OF_THREE,Iterative)","RandomPermutation","11000000","404503871","1997","18856392"
"FastElements","QuickSort(MEDIAN_OF_THREE,Iterative)","RandomPermutation","12000000","442308636","2150","20570292"
"FastElements","QuickSort(MEDIAN_OF_THREE,Iterative)","RandomPermutation","13000000","485100741","2537","22288341"
"FastElements","QuickSort(MEDIAN_OF_THREE,Iterative)","RandomPermutation","14000000","523825933","2651","23997498"
"FastElements","QuickSort(MEDIAN_OF_THREE,Iterative)","RandomPermutation","15000000","566791170","2936","25714578"
"FastElements","QuickSort(MEDIAN_OF_THREE,Iterative)","RandomPermutation","16000000","604450525","2970","27427794"
"FastElements","QuickSort(MEDIAN_OF_THREE,Iterative)","RandomPermutation","17000000","640882570","3295","29140713"
"FastElements","QuickSort(MEDIAN_OF_THREE,Iterative)","RandomPermutation","18000000","679541536","3318","30853884"
"FastElements","QuickSort(MEDIAN_OF_THREE,Iterative)","RandomPermutation","19000000","717921698","3620","32570517"
"FastElements","QuickSort(MEDIAN_OF_THREE,Iterative)","RandomPermutation","20000000","769660527","3651","34286487"
"FastElements","QuickSort(MEDIAN_OF_THREE,Iterative)","RandomPermutation","21000000","802037751","3949","35996922"
"FastElements","QuickSort(MEDIAN_OF_THREE,Iterative)","RandomPermutation","22000000","844242902","4121","37716708"
"FastElements","QuickSort(MEDIAN_OF_THREE,Iterative)","RandomPermutation","23000000","878999829","4290","39429870"
"FastElements","QuickSort(MEDIAN_OF_THREE,Iterative)","RandomPermutation","24000000","931792285","4444","41139651"
"FastElements","QuickSort(MEDIAN_OF_THREE,Iterative)","RandomPermutation","25000000","961890821","4510","42860958"
"FastElements","QuickSort(MEDIAN_OF_THREE,Iterative)","RandomPermutation","26000000","1010100198","4820","44571009"
"FastElements","QuickSort(MEDIAN_OF_THREE,Iterative)","RandomPermutation","27000000","1039515341","4965","46285968"
"FastElements","QuickSort(MEDIAN_OF_THREE,Iterative)","RandomPermutation","28000000","1091306317","5301","48000780"
"FastElements","QuickSort(MEDIAN_OF_THREE,Iterative)","RandomPermutation","29000000","1136816562","5381","49715616"
"FastElements","QuickSort(MEDIAN_OF_THREE,Iterative)","RandomPermutation","30000000","1179351092","5582","51430722"
"FastElements","QuickSort(MEDIAN_OF_THREE)","RandomPermutation","1000000","30927315","173","1714041"
"FastElements","QuickSort(MEDIAN_OF_THREE)","RandomPermutation","2000000","64852452","372","3428865"
"FastElements","QuickSort(MEDIAN_OF_THREE)","RandomPermutation","3000000","100150279","550","5141895"
"FastElements","QuickSort(MEDIAN_OF_THREE)","RandomPermutation","4000000","136179495","724","6858555"
"FastElements","QuickSort(MEDIAN_OF_THREE)","RandomPermutation","5000000","175236366","873","8571228"
"FastElements","QuickSort(MEDIAN_OF_THREE)","RandomPermutation","6000000","210195649","1126","10286418"
"FastElements","QuickSort(MEDIAN_OF_THREE)","RandomPermutation","7000000","247384688","1328","12000369"
"FastElements","QuickSort(MEDIAN_OF_THREE)","RandomPermutation","8000000","288981771","1478","13714725"
"FastElements","QuickSort(MEDIAN_OF_THREE)","RandomPermutation","9000000","327941454","1727","15429318"
"FastElements","QuickSort(MEDIAN_OF_THREE)","RandomPermutation","10000000","362078716","1958","17142123"
"FastElements","QuickSort(MEDIAN_OF_THREE)","RandomPermutation","11000000","404503871","2107","18856392"
"FastElements","QuickSort(MEDIAN_OF_THREE)","RandomPermutation","12000000","442308636","2377","20570292"
"FastElements","QuickSort(MEDIAN_OF_THREE)","RandomPermutation","13000000","485100741","2535","22288341"
"FastElements","QuickSort(MEDIAN_OF_THREE)","RandomPermutation","14000000","523825933","2838","23997498"
"FastElements","QuickSort(MEDIAN_OF_THREE)","RandomPermutation","15000000","566791170","2914","25714578"
"FastElements","QuickSort(MEDIAN_OF_THREE)","RandomPermutation","16000000","604450525","3192","27427794"
"FastElements","QuickSort(MEDIAN_OF_THREE)","RandomPermutation","17000000","640882570","3348","29140713"
"FastElements","QuickSort(MEDIAN_OF_THREE)","RandomPermutation","18000000","679541536","3543","30853884"
"FastElements","QuickSort(MEDIAN_OF_THREE)","RandomPermutation","19000000","717921698","3879","32570517"
"FastElements","QuickSort(MEDIAN_OF_THREE)","RandomPermutation","20000000","769660527","3846","34286487"
"FastElements","QuickSort(MEDIAN_OF_THREE)","RandomPermutation","21000000","802037751","4280","35996922"
"FastElements","QuickSort(MEDIAN_OF_THREE)","RandomPermutation","22000000","844242902","4335","37716708"
"FastElements","QuickSort(MEDIAN_OF_THREE)","RandomPermutation","23000000","878999829","4632","39429870"
"FastElements","QuickSort(MEDIAN_OF_THREE)","RandomPermutation","24000000","931792285","4781","41139651"
"FastElements","QuickSort(MEDIAN_OF_THREE)","RandomPermutation","25000000","961890821","5066","42860958"
"FastElements","QuickSort(MEDIAN_OF_THREE)","RandomPermutation","26000000","1010100198","5265","44571009"
"FastElements","QuickSort(MEDIAN_OF_THREE)","RandomPermutation","27000000","1039515341","5396","46285968"
"FastElements","QuickSort(MEDIAN_OF_THREE)","RandomPermutation","28000000","1091306317","5542","48000780"
"FastElements","QuickSort(MEDIAN_OF_THREE)","RandomPermutation","29000000","1136816562","5819","49715616"
"FastElements","QuickSort(MEDIAN_OF_THREE)","RandomPermutation","30000000","1179351092","5989","51430722"
"FastElements","OptimizedQuickSort","RandomPermutation","1000000","48385140","222","0"
"FastElements","OptimizedQuickSort","RandomPermutation","2000000","99826223","376","0"
"FastElements","OptimizedQuickSort","RandomPermutation","3000000","152636519","527","0"
"FastElements","OptimizedQuickSort","RandomPermutation","4000000","206313118","746","0"
"FastElements","OptimizedQuickSort","RandomPermutation","5000000","262635946","945","0"
"FastElements","OptimizedQuickSort","RandomPermutation","6000000","315118959","1123","0"
"FastElements","OptimizedQuickSort","RandomPermutation","7000000","370033320","1274","0"
"FastElements","OptimizedQuickSort","RandomPermutation","8000000","429156589","1438","0"
"FastElements","OptimizedQuickSort","RandomPermutation","9000000","485423394","1614","0"
"FastElements","OptimizedQuickSort","RandomPermutation","10000000","536946932","1897","0"
"FastElements","OptimizedQuickSort","RandomPermutation","11000000","596987531","1980","0"
"FastElements","OptimizedQuickSort","RandomPermutation","12000000","652123027","2240","0"
"FastElements","OptimizedQuickSort","RandomPermutation","13000000","712679327","2324","0"
"FastElements","OptimizedQuickSort","RandomPermutation","14000000","769220305","2507","0"
"FastElements","OptimizedQuickSort","RandomPermutation","15000000","829574275","2673","0"
"FastElements","OptimizedQuickSort","RandomPermutation","16000000","884495148","2890","0"
"FastElements","OptimizedQuickSort","RandomPermutation","17000000","938049040","3080","0"
"FastElements","OptimizedQuickSort","RandomPermutation","18000000","994433133","3293","0"
"FastElements","OptimizedQuickSort","RandomPermutation","19000000","1050326751","3515","0"
"FastElements","OptimizedQuickSort","RandomPermutation","20000000","1119637263","3653","0"
"FastElements","QuickSort(MEDIAN_OF_THREE,Iterative)","RandomPermutation","1000000","30927315","226","1714041"
"FastElements","QuickSort(MEDIAN_OF_THREE,Iterative)","RandomPermutation","2000000","64852452","314","3428865"
"FastElements","QuickSort(MEDIAN_OF_THREE,Iterative)","RandomPermutation","3000000","100150279","480","5141895"
"FastElements","QuickSort(MEDIAN_OF_THREE,Iterative)","RandomPermutation","4000000","136179495","677","6858555"
"FastElements","QuickSort(MEDIAN_OF_THREE,Iterative)","RandomPermutation","5000000","175236366","865","8571228"
"FastElements","QuickSort(MEDIAN_OF_THREE,Iterative)","RandomPermutation","6000000","210195649","1046","10286418"
"FastElements","QuickSort(MEDIAN_OF_THREE,Iterative)","RandomPermutation","7000000","247384688","1294","12000369"
"FastElements","QuickSort(MEDIAN_OF_THREE,Iterative)","RandomPermutation","8000000","288981771","1454","13714725"
"FastElements","QuickSort(MEDIAN_OF_THREE,Iterative)","RandomPermutation","9000000","327941454","1687","15429318"
"FastElements","QuickSort(MEDIAN_OF_THREE,Iterative)","RandomPermutation","10000000","362078716","1808","17142123"
"FastElements","QuickSort(MEDIAN_OF_THREE,Iterative)","RandomPermutation","11000000","404503871","2036","18856392"
"FastElements","QuickSort(MEDIAN_OF_THREE,Iterative)","RandomPermutation","12000000","442308636","2157","20570292"
"FastElements","QuickSort(MEDIAN_OF_THREE,Iterative)","RandomPermutation","13000000","485100741","2359","22288341"
"FastElements","QuickSort(MEDIAN_OF_THREE,Iterative)","RandomPermutation","14000000","523825933","2505","23997498"
"FastElements","QuickSort(MEDIAN_OF_THREE,Iterative)","RandomPermutation","15000000","566791170","2698","25714578"
"FastElements","QuickSort(MEDIAN_OF_THREE,Iterative)","RandomPermutation","16000000","604450525","2958","27427794"
"FastElements","QuickSort(MEDIAN_OF_THREE,Iterative)","RandomPermutation","17000000","640882570","3181","29140713"
"FastElements","QuickSort(MEDIAN_OF_THREE,Iterative)","RandomPermutation","18000000","679541536","3411","30853884"
"FastElements","QuickSort(MEDIAN_OF_THREE,Iterative)","RandomPermutation","19000000","717921698","3542","32570517"
"FastElements","QuickSort(MEDIAN_OF_THREE,Iterative)","RandomPermutation","20000000","769660527","3729","34286487"
"FastElements","OptimizedQuickSort","RandomPermutation","1000000","48385140","217","0"
"FastElements","OptimizedQuickSort","RandomPermutation","2000000","99826223","368","0"
"FastElements","OptimizedQuickSort","RandomPermutation","3000000","152636519","503","0"
"FastElements","OptimizedQuickSort","RandomPermutation","4000000","206313118","755","0"
"FastElements","OptimizedQuickSort","RandomPermutation","5000000","262635946","890","0"
"FastElements","OptimizedQuickSort","RandomPermutation","6000000","315118959","1131","0"
"FastElements","OptimizedQuickSort","RandomPermutation","7000000","370033320","1267","0"
"FastElements","OptimizedQuickSort","RandomPermutation","8000000","429156589","1483","0"
"FastElements","OptimizedQuickSort","RandomPermutation","9000000","485423394","1639","0"
"FastElements","OptimizedQuickSort","RandomPermutation","10000000","536946932","1934","0"
"FastElements","OptimizedQuickSort","RandomPermutation","11000000","596987531","2118","0"
"FastElements","OptimizedQuickSort","RandomPermutation","12000000","652123027","2249","0"
"FastElements","OptimizedQuickSort","RandomPermutation","13000000","712679327","2502","0"
"FastElements","OptimizedQuickSort","RandomPermutation","14000000","769220305","2628","0"
"FastElements","OptimizedQuickSort","RandomPermutation","15000000","829574275","2795","0"
"FastElements","OptimizedQuickSort","RandomPermutation","16000000","884495148","3049","0"
"FastElements","OptimizedQuickSort","RandomPermutation","17000000","938049040","3104","0"
"FastElements","OptimizedQuickSort","RandomPermutation","18000000","994433133","3280","0"
"FastElements","OptimizedQuickSort","RandomPermutation","19000000","1050326751","3538","0"
"FastElements","OptimizedQuickSort","RandomPermutation","20000000","1119637263","3610","0"
"FastElements","QuickSort(MEDIAN_OF_THREE,Iterative)","RandomPermutation","1000000","30927315","248","1714041"
"FastElements","QuickSort(MEDIAN_OF_THREE,Iterative)","RandomPermutation","2000000","64852452","343","3428865"
"FastElements","QuickSort(MEDIAN_OF_THREE,Iterative)","RandomPermutation","3000000","100150279","589","5141895"
"FastElements","QuickSort(MEDIAN_OF_THREE,Iterative)","RandomPermutation","4000000","136179495","706","6858555"
"FastElements","QuickSort(MEDIAN_OF_THREE,Iterative)","RandomPermutation","5000000","175236366","852","8571228"
"FastElements","QuickSort(MEDIAN_OF_THREE,Iterative)","RandomPermutation","6000000","210195649","1102","10286418"
"FastElements","QuickSort(MEDIAN_OF_THREE,Iterative)","RandomPermutation","7000000","247384688","1319","12000369"
"FastElements","QuickSort(MEDIAN_OF_THREE,Iterative)","RandomPermutation","8000000","288981771","1520","13714725"
"FastElements","QuickSort(MEDIAN_OF_THREE,Iterative)","RandomPermutation","9000000","327941454","1650","15429318"
"FastElements","QuickSort(MEDIAN_OF_THREE,Iterative)","RandomPermutation","10000000","362078716","1895","17142123"
"FastElements","QuickSort(MEDIAN_OF_THREE,Iterative)","RandomPermutation","11000000","404503871","2087","18856392"
"FastElements","QuickSort(MEDIAN_OF_THREE,Iterative)","RandomPermutation","12000000","442308636","2292","20570292"
"FastElements","QuickSort(MEDIAN_OF_THREE,Iterative)","RandomPermutation","13000000","485100741","2466","22288341"
"FastElements","QuickSort(MEDIAN_OF_THREE,Iterative)","RandomPermutation","14000000","523825933","2675","23997498"
"FastElements","QuickSort(MEDIAN_OF_THREE,Iterative)","RandomPermutation","15000000","566791170","2843","25714578"
"FastElements","QuickSort(MEDIAN_OF_THREE,Iterative)","RandomPermutation","16000000","604450525","3070","27427794"
"FastElements","QuickSort(MEDIAN_OF_THREE,Iterative)","RandomPermutation","17000000","640882570","3292","29140713"
"FastElements","QuickSort(MEDIAN_OF_THREE,Iterative)","RandomPermutation","18000000","679541536","3435","30853884"
"FastElements","QuickSort(MEDIAN_OF_THREE,Iterative)","RandomPermutation","19000000","717921698","3669","32570517"
"FastElements","QuickSort(MEDIAN_OF_THREE,Iterative)","RandomPermutation","20000000","769660527","3852","34286487"
"FastElements","OptimizedQuickSort","RandomPermutation","1000000","48385140","238","0"
"FastElements","OptimizedQuickSort","RandomPermutation","2000000","99826223","337","0"
"FastElements","OptimizedQuickSort","RandomPermutation","3000000","152636519","498","0"
"FastElements","OptimizedQuickSort","RandomPermutation","4000000","206313118","713","0"
"FastElements","OptimizedQuickSort","RandomPermutation","5000000","262635946","886","0"
"FastElements","OptimizedQuickSort","RandomPermutation","6000000","315118959","1093","0"
"FastElements","OptimizedQuickSort","RandomPermutation","7000000","370033320","1267","0"
"FastElements","OptimizedQuickSort","RandomPermutation","8000000","429156589","1473","0"
"FastElements","OptimizedQuickSort","RandomPermutation","9000000","485423394","1577","0"
"FastElements","OptimizedQuickSort","RandomPermutation","10000000","536946932","1972","0"
"FastElements","OptimizedQuickSort","RandomPermutation","11000000","596987531","2127","0"
"FastElements","OptimizedQuickSort","RandomPermutation","12000000","652123027","2253","0"
"FastElements","OptimizedQuickSort","RandomPermutation","13000000","712679327","2461","0"
"FastElements","OptimizedQuickSort","RandomPermutation","14000000","769220305","2589","0"
"FastElements","OptimizedQuickSort","RandomPermutation","15000000","829574275","2778","0"
"FastElements","OptimizedQuickSort","RandomPermutation","16000000","884495148","2894","0"
"FastElements","OptimizedQuickSort","RandomPermutation","17000000","938049040","3035","0"
"FastElements","OptimizedQuickSort","RandomPermutation","18000000","994433133","3197","0"
"FastElements","OptimizedQuickSort","RandomPermutation","19000000","1050326751","3479","0"
"FastElements","OptimizedQuickSort","RandomPermutation","20000000","1119637263","3612","0"
"FastElements","OptimizedQuickSort","RandomPermutation","21000000","1169488307","3930","0"
"FastElements","OptimizedQuickSort","RandomPermutation","22000000","1229280879","4116","0"
"FastElements","OptimizedQuickSort","RandomPermutation","23000000","1281322213","4199","0"
"FastElements","OptimizedQuickSort","RandomPermutation","24000000","1351903336","4413","0"
"FastElements","OptimizedQuickSort","RandomPermutation","25000000","1399562407","4648","0"
"FastElements","OptimizedQuickSort","RandomPermutation","26000000","1465333308","4888","0"
"FastElements","OptimizedQuickSort","RandomPermutation","27000000","1512202705","5097","0"
"FastElements","OptimizedQuickSort","RandomPermutation","28000000","1581646908","5149","0"
"FastElements","OptimizedQuickSort","RandomPermutation","29000000","1644453618","5405","0"
"FastElements","OptimizedQuickSort","RandomPermutation","30000000","1704040149","5616","0"
"FastElements","QuickSort(MEDIAN_OF_THREE,Iterative)","RandomPermutation","1000000","30927315","264","1714041"
"FastElements","QuickSort(MEDIAN_OF_THREE,Iterative)","RandomPermutation","2000000","64852452","350","3428865"
"FastElements","QuickSort(MEDIAN_OF_THREE,Iterative)","RandomPermutation","3000000","100150279","578","5141895"
"FastElements","QuickSort(MEDIAN_OF_THREE,Iterative)","RandomPermutation","4000000","136179495","705","6858555"
"FastElements","QuickSort(MEDIAN_OF_THREE,Iterative)","RandomPermutation","5000000","175236366","880","8571228"
"FastElements","QuickSort(MEDIAN_OF_THREE,Iterative)","RandomPermutation","6000000","210195649","1091","10286418"
"FastElements","QuickSort(MEDIAN_OF_THREE,Iterative)","RandomPermutation","7000000","247384688","1270","12000369"
"FastElements","QuickSort(MEDIAN_OF_THREE,Iterative)","RandomPermutation","8000000","288981771","1496","13714725"
"FastElements","QuickSort(MEDIAN_OF_THREE,Iterative)","RandomPermutation","9000000","327941454","1685","15429318"
"FastElements","QuickSort(MEDIAN_OF_THREE,Iterative)","RandomPermutation","10000000","362078716","1898","17142123"
"FastElements","QuickSort(MEDIAN_OF_THREE,Iterative)","RandomPermutation","11000000","404503871","2031","18856392"
"FastElements","QuickSort(MEDIAN_OF_THREE,Iterative)","RandomPermutation","12000000","442308636","2248","20570292"
"FastElements","QuickSort(MEDIAN_OF_THREE,Iterative)","RandomPermutation","13000000","485100741","2394","22288341"
"FastElements","QuickSort(MEDIAN_OF_THREE,Iterative)","RandomPermutation","14000000","523825933","2585","23997498"
"FastElements","QuickSort(MEDIAN_OF_THREE,Iterative)","RandomPermutation","15000000","566791170","2847","25714578"
"FastElements","QuickSort(MEDIAN_OF_THREE,Iterative)","RandomPermutation","16000000","604450525","3076","27427794"
"FastElements","QuickSort(MEDIAN_OF_THREE,Iterative)","RandomPermutation","17000000","640882570","3256","29140713"
"FastElements","QuickSort(MEDIAN_OF_THREE,Iterative)","RandomPermutation","18000000","679541536","3406","30853884"
"FastElements","QuickSort(MEDIAN_OF_THREE,Iterative)","RandomPermutation","19000000","717921698","3644","32570517"
"FastElements","QuickSort(MEDIAN_OF_THREE,Iterative)","RandomPermutation","20000000","769660527","3767","34286487"
"FastElements","QuickSort(MEDIAN_OF_THREE,Iterative)","RandomPermutation","21000000","802037751","4393","35996922"
"FastElements","QuickSort(MEDIAN_OF_THREE,Iterative)","RandomPermutation","22000000","844242902","4323","37716708"
"FastElements","QuickSort(MEDIAN_OF_THREE,Iterative)","RandomPermutation","23000000","878999829","4466","39429870"
"FastElements","QuickSort(MEDIAN_OF_THREE,Iterative)","RandomPermutation","24000000","931792285","4675","41139651"
"FastElements","QuickSort(MEDIAN_OF_THREE,Iterative)","RandomPermutation","25000000","961890821","4965","42860958"
"FastElements","QuickSort(MEDIAN_OF_THREE,Iterative)","RandomPermutation","26000000","1010100198","5159","44571009"
"FastElements","QuickSort(MEDIAN_OF_THREE,Iterative)","RandomPermutation","27000000","1039515341","5370","46285968"
"FastElements","QuickSort(MEDIAN_OF_THREE,Iterative)","RandomPermutation","28000000","1091306317","5432","48000780"
"FastElements","QuickSort(MEDIAN_OF_THREE,Iterative)","RandomPermutation","29000000","1136816562","5753","49715616"
"FastElements","QuickSort(MEDIAN_OF_THREE,Iterative)","RandomPermutation","30000000","1179351092","5896","51430722"
"FastElements","OptimizedQuickSort","RandomPermutation","100000","4272401","12","0"
"FastElements","OptimizedQuickSort","RandomPermutation","200000","8950270","28","0"
"FastElements","OptimizedQuickSort","RandomPermutation","300000","13621052","66","0"
"FastElements","OptimizedQuickSort","RandomPermutation","400000","18501928","78","0"
"FastElements","OptimizedQuickSort","RandomPermutation","500000","23281459","75","0"
"FastElements","OptimizedQuickSort","RandomPermutation","600000","28187982","85","0"
"FastElements","OptimizedQuickSort","RandomPermutation","700000","33172445","128","0"
"FastElements","OptimizedQuickSort","RandomPermutation","800000","38309265","116","0"
"FastElements","OptimizedQuickSort","RandomPermutation","900000","43848293","129","0"
"FastElements","OptimizedQuickSort","RandomPermutation","1000000","48385140","190","0"
"FastElements","OptimizedQuickSort","RandomPermutation","1100000","53334033","164","0"
"FastElements","OptimizedQuickSort","RandomPermutation","1200000","58600782","217","0"
"FastElements","OptimizedQuickSort","RandomPermutation","1300000","64106775","217","0"
"FastElements","OptimizedQuickSort","RandomPermutation","1400000","68800786","228","0"
"FastElements","OptimizedQuickSort","RandomPermutation","1500000","74043838","280","0"
"FastElements","OptimizedQuickSort","RandomPermutation","1600000","79026937","264","0"
"FastElements","OptimizedQuickSort","RandomPermutation","1700000","84641980","254","0"
"FastElements","OptimizedQuickSort","RandomPermutation","1800000","89920349","283","0"
"FastElements","OptimizedQuickSort","RandomPermutation","1900000","95146291","295","0"
"FastElements","OptimizedQuickSort","RandomPermutation","2000000","99826223","348","0"
"FastElements","QuickSort(MEDIAN_OF_THREE,Iterative)","RandomPermutation","100000","2531944","30","171480"
"FastElements","QuickSort(MEDIAN_OF_THREE,Iterative)","RandomPermutation","200000","5450188","45","343323"
"FastElements","QuickSort(MEDIAN_OF_THREE,Iterative)","RandomPermutation","300000","8389454","69","514425"
"FastElements","QuickSort(MEDIAN_OF_THREE,Iterative)","RandomPermutation","400000","11527827","84","685719"
"FastElements","QuickSort(MEDIAN_OF_THREE,Iterative)","RandomPermutation","500000","14552554","109","856284"
"FastElements","QuickSort(MEDIAN_OF_THREE,Iterative)","RandomPermutation","600000","17679925","97","1028181"
"FastElements","QuickSort(MEDIAN_OF_THREE,Iterative)","RandomPermutation","700000","20968400","124","1199970"
"FastElements","QuickSort(MEDIAN_OF_THREE,Iterative)","RandomPermutation","800000","24279299","121","1372062"
"FastElements","QuickSort(MEDIAN_OF_THREE,Iterative)","RandomPermutation","900000","28071011","136","1542645"
"FastElements","QuickSort(MEDIAN_OF_THREE,Iterative)","RandomPermutation","1000000","30927315","153","1714041"
"FastElements","QuickSort(MEDIAN_OF_THREE,Iterative)","RandomPermutation","1100000","34113984","220","1886070"
"FastElements","QuickSort(MEDIAN_OF_THREE,Iterative)","RandomPermutation","1200000","37553484","186","2057397"
"FastElements","QuickSort(MEDIAN_OF_THREE,Iterative)","RandomPermutation","1300000","41325090","214","2228784"
"FastElements","QuickSort(MEDIAN_OF_THREE,Iterative)","RandomPermutation","1400000","44304400","226","2399793"
"FastElements","QuickSort(MEDIAN_OF_THREE,Iterative)","RandomPermutation","1500000","47837838","243","2572092"
"FastElements","QuickSort(MEDIAN_OF_THREE,Iterative)","RandomPermutation","1600000","51050703","256","2742702"
"FastElements","QuickSort(MEDIAN_OF_THREE,Iterative)","RandomPermutation","1700000","54991845","268","2914626"
"FastElements","QuickSort(MEDIAN_OF_THREE,Iterative)","RandomPermutation","1800000","58379950","285","3086106"
"FastElements","QuickSort(MEDIAN_OF_THREE,Iterative)","RandomPermutation","1900000","61855645","335","3257019"
"FastElements","QuickSort(MEDIAN_OF_THREE,Iterative)","RandomPermutation","2000000","64852452","317","3428865"
"FastElements","OptimizedQuickSort","RandomPermutation","1000000","48385140","187","0"
"FastElements","OptimizedQuickSort","RandomPermutation","2000000","99826223","322","0"
"FastElements","OptimizedQuickSort","RandomPermutation","3000000","152636519","552","0"
"FastElements","OptimizedQuickSort","RandomPermutation","4000000","206313118","637","0"
"FastElements","OptimizedQuickSort","RandomPermutation","5000000","262635946","846","0"
"FastElements","OptimizedQuickSort","RandomPermutation","6000000","315118959","1044","0"
"FastElements","OptimizedQuickSort","RandomPermutation","7000000","370033320","1225","0"
"FastElements","OptimizedQuickSort","RandomPermutation","8000000","429156589","1420","0"
"FastElements","OptimizedQuickSort","RandomPermutation","9000000","485423394","1590","0"
"FastElements","OptimizedQuickSort","RandomPermutation","10000000","536946932","1775","0"
"FastElements","OptimizedQuickSort","RandomPermutation","11000000","596987531","1950","0"
"FastElements","OptimizedQuickSort","RandomPermutation","12000000","652123027","2120","0"
"FastElements","OptimizedQuickSort","RandomPermutation","13000000","712679327","2368","0"
"FastElements","OptimizedQuickSort","RandomPermutation","14000000","769220305","2587","0"
"FastElements","OptimizedQuickSort","RandomPermutation","15000000","829574275","2685","0"
"FastElements","OptimizedQuickSort","RandomPermutation","16000000","884495148","2923","0"
"FastElements","OptimizedQuickSort","RandomPermutation","17000000","938049040","3084","0"
"FastElements","OptimizedQuickSort","RandomPermutation","18000000","994433133","3283","0"
"FastElements","OptimizedQuickSort","RandomPermutation","19000000","1050326751","3483","0"
"FastElements","OptimizedQuickSort","RandomPermutation","20000000","1119637263","3641","0"
"FastElements","OptimizedQuickSort","RandomPermutation","21000000","1169488307","3923","0"
"FastElements","OptimizedQuickSort","RandomPermutation","22000000","1229280879","4092","0"
"FastElements","OptimizedQuickSort","RandomPermutation","23000000","1281322213","4252","0"
"FastElements","OptimizedQuickSort","RandomPermutation","24000000","1351903336","4474","0"
"FastElements","OptimizedQuickSort","RandomPermutation","25000000","1399562407","4603","0"
"FastElements","OptimizedQuickSort","RandomPermutation","26000000","1465333308","4802","0"
"FastElements","OptimizedQuickSort","RandomPermutation","27000000","1512202705","5056","0"
"FastElements","OptimizedQuickSort","RandomPermutation","28000000","1581646908","5247","0"
"FastElements","OptimizedQuickSort","RandomPermutation","29000000","1644453618","5466","0"
"FastElements","OptimizedQuickSort","RandomPermutation","30000000","1704040149","5719","0"
"FastElements","QuickSort(MEDIAN_OF_THREE,Iterative)","RandomPermutation","1000000","30927315","153","1714041"
"FastElements","QuickSort(MEDIAN_OF_THREE,Iterative)","RandomPermutation","2000000","64852452","318","3428865"
"FastElements","QuickSort(MEDIAN_OF_THREE,Iterative)","RandomPermutation","3000000","100150279","496","5141895"
"FastElements","QuickSort(MEDIAN_OF_THREE,Iterative)","RandomPermutation","4000000","136179495","686","6858555"
"FastElements","QuickSort(MEDIAN_OF_THREE,Iterative)","RandomPermutation","5000000","175236366","857","8571228"
"FastElements","QuickSort(MEDIAN_OF_THREE,Iterative)","RandomPermutation","6000000","210195649","1081","10286418"
"FastElements","QuickSort(MEDIAN_OF_THREE,Iterative)","RandomPermutation","7000000","247384688","1304","12000369"
"FastElements","QuickSort(MEDIAN_OF_THREE,Iterative)","RandomPermutation","8000000","288981771","1432","13714725"
"FastElements","QuickSort(MEDIAN_OF_THREE,Iterative)","RandomPermutation","9000000","327941454","1654","15429318"
"FastElements","QuickSort(MEDIAN_OF_THREE,Iterative)","RandomPermutation","10000000","362078716","1864","17142123"
"FastElements","QuickSort(MEDIAN_OF_THREE,Iterative)","RandomPermutation","11000000","404503871","2062","18856392"
"FastElements","QuickSort(MEDIAN_OF_THREE,Iterative)","RandomPermutation","12000000","442308636","2262","20570292"
"FastElements","QuickSort(MEDIAN_OF_THREE,Iterative)","RandomPermutation","13000000","485100741","2485","22288341"
"FastElements","QuickSort(MEDIAN_OF_THREE,Iterative)","RandomPermutation","14000000","523825933","2597","23997498"
"FastElements","QuickSort(MEDIAN_OF_THREE,Iterative)","RandomPermutation","15000000","566791170","2818","25714578"
"FastElements","QuickSort(MEDIAN_OF_THREE,Iterative)","RandomPermutation","16000000","604450525","3050","27427794"
"FastElements","QuickSort(MEDIAN_OF_THREE,Iterative)","RandomPermutation","17000000","640882570","3271","29140713"
"FastElements","QuickSort(MEDIAN_OF_THREE,Iterative)","RandomPermutation","18000000","679541536","3427","30853884"
"FastElements","QuickSort(MEDIAN_OF_THREE,Iterative)","RandomPermutation","19000000","717921698","3660","32570517"
"FastElements","QuickSort(MEDIAN_OF_THREE,Iterative)","RandomPermutation","20000000","769660527","3813","34286487"
"FastElements","QuickSort(MEDIAN_OF_THREE,Iterative)","RandomPermutation","21000000","802037751","4107","35996922"
"FastElements","QuickSort(MEDIAN_OF_THREE,Iterative)","RandomPermutation","22000000","844242902","4259","37716708"
"FastElements","QuickSort(MEDIAN_OF_THREE,Iterative)","RandomPermutation","23000000","878999829","4471","39429870"
"FastElements","QuickSort(MEDIAN_OF_THREE,Iterative)","RandomPermutation","24000000","931792285","4688","41139651"
"FastElements","QuickSort(MEDIAN_OF_THREE,Iterative)","RandomPermutation","25000000","961890821","4890","42860958"
"FastElements","QuickSort(MEDIAN_OF_THREE,Iterative)","RandomPermutation","26000000","1010100198","5022","44571009"
"FastElements","QuickSort(MEDIAN_OF_THREE,Iterative)","RandomPermutation","27000000","1039515341","5271","46285968"
"FastElements","QuickSort(MEDIAN_OF_THREE,Iterative)","RandomPermutation","28000000","1091306317","5498","48000780"
"FastElements","QuickSort(MEDIAN_OF_THREE,Iterative)","RandomPermutation","29000000","1136816562","5682","49715616"
"FastElements","QuickSort(MEDIAN_OF_THREE,Iterative)","RandomPermutation","30000000","1179351092","5924","51430722"
"FastElements","OptimizedQuickSort","RandomPermutation","100000","4272401","12","0"
"FastElements","OptimizedQuickSort","RandomPermutation","200000","8950270","28","0"
"FastElements","OptimizedQuickSort","RandomPermutation","300000","13621052","40","0"
"FastElements","OptimizedQuickSort","RandomPermutation","400000","18501928","55","0"
"FastElements","OptimizedQuickSort","RandomPermutation","500000","23281459","89","0"
"FastElements","OptimizedQuickSort","RandomPermutation","600000","28187982","127","0"
"FastElements","OptimizedQuickSort","RandomPermutation","700000","33172445","118","0"
"FastElements","OptimizedQuickSort","RandomPermutation","800000","38309265","115","0"
"FastElements","OptimizedQuickSort","RandomPermutation","900000","43848293","130","0"
"FastElements","OptimizedQuickSort","RandomPermutation","1000000","48385140","164","0"
"FastElements","OptimizedQuickSort","RandomPermutation","1100000","53334033","226","0"
"FastElements","OptimizedQuickSort","RandomPermutation","1200000","58600782","178","0"
"FastElements","OptimizedQuickSort","RandomPermutation","1300000","64106775","214","0"
"FastElements","OptimizedQuickSort","RandomPermutation","1400000","68800786","217","0"
"FastElements","OptimizedQuickSort","RandomPermutation","1500000","74043838","224","0"
"FastElements","OptimizedQuickSort","RandomPermutation","1600000","79026937","241","0"
"FastElements","OptimizedQuickSort","RandomPermutation","1700000","84641980","273","0"
"FastElements","OptimizedQuickSort","RandomPermutation","1800000","89920349","271","0"
"FastElements","OptimizedQuickSort","RandomPermutation","1900000","95146291","289","0"
"FastElements","OptimizedQuickSort","RandomPermutation","2000000","99826223","303","0"
"FastElements","QuickSort(MEDIAN_OF_THREE,Iterative)","RandomPermutation","100000","2531944","30","171480"
"FastElements","QuickSort(MEDIAN_OF_THREE,Iterative)","RandomPermutation","200000","5450188","27","343323"
"FastElements","QuickSort(MEDIAN_OF_THREE,Iterative)","RandomPermutation","300000","8389454","65","514425"
"FastElements","QuickSort(MEDIAN_OF_THREE,Iterative)","RandomPermutation","400000","11527827","77","685719"
"FastElements","QuickSort(MEDIAN_OF_THREE,Iterative)","RandomPermutation","500000","14552554","75","856284"
"FastElements","QuickSort(MEDIAN_OF_THREE,Iterative)","RandomPermutation","600000","17679925","115","1028181"
"FastElements","QuickSort(MEDIAN_OF_THREE,Iterative)","RandomPermutation","700000","20968400","119","1199970"
"FastElements","QuickSort(MEDIAN_OF_THREE,Iterative)","RandomPermutation","800000","24279299","149","1372062"
"FastElements","QuickSort(MEDIAN_OF_THREE,Iterative)","RandomPermutation","900000","28071011","135","1542645"
"FastElements","QuickSort(MEDIAN_OF_THREE,Iterative)","RandomPermutation","1000000","30927315","173","1714041"
"FastElements","QuickSort(MEDIAN_OF_THREE,Iterative)","RandomPermutation","1100000","34113984","170","1886070"
"FastElements","QuickSort(MEDIAN_OF_THREE,Iterative)","RandomPermutation","1200000","37553484","190","2057397"
"FastElements","QuickSort(MEDIAN_OF_THREE,Iterative)","RandomPermutation","1300000","41325090","286","2228784"
"FastElements","QuickSort(MEDIAN_OF_THREE,Iterative)","RandomPermutation","1400000","44304400","222","2399793"
"FastElements","QuickSort(MEDIAN_OF_THREE,Iterative)","RandomPermutation","1500000","47837838","255","2572092"
"FastElements","QuickSort(MEDIAN_OF_THREE,Iterative)","RandomPermutation","1600000","51050703","313","2742702"
"FastElements","QuickSort(MEDIAN_OF_THREE,Iterative)","RandomPermutation","1700000","54991845","308","2914626"
"FastElements","QuickSort(MEDIAN_OF_THREE,Iterative)","RandomPermutation","1800000","58379950","304","3086106"
"FastElements","QuickSort(MEDIAN_OF_THREE,Iterative)","RandomPermutation","1900000","61855645","302","3257019"
"FastElements","QuickSort(MEDIAN_OF_THREE,Iterative)","RandomPermutation","2000000","64852452","343","3428865"
"FastElements","OptimizedQuickSort","RandomPermutation","1000000","48385140","148","0"
"FastElements","OptimizedQuickSort","RandomPermutation","2000000","99826223","334","0"
"FastElements","OptimizedQuickSort","RandomPermutation","3000000","152636519","492","0"
"FastElements","OptimizedQuickSort","RandomPermutation","4000000","206313118","700","0"
"FastElements","OptimizedQuickSort","RandomPermutation","5000000","262635946","867","0"
"FastElements","OptimizedQuickSort","RandomPermutation","6000000","315118959","1053","0"
"FastElements","OptimizedQuickSort","RandomPermutation","7000000","370033320","1215","0"
"FastElements","OptimizedQuickSort","RandomPermutation","8000000","429156589","1376","0"
"FastElements","OptimizedQuickSort","RandomPermutation","9000000","485423394","1595","0"
"FastElements","OptimizedQuickSort","RandomPermutation","10000000","536946932","1817","0"
"FastElements","OptimizedQuickSort","RandomPermutation","11000000","596987531","2040","0"
"FastElements","OptimizedQuickSort","RandomPermutation","12000000","652123027","2184","0"
"FastElements","OptimizedQuickSort","RandomPermutation","13000000","712679327","2291","0"
"FastElements","OptimizedQuickSort","RandomPermutation","14000000","769220305","2496","0"
"FastElements","OptimizedQuickSort","RandomPermutation","15000000","829574275","2694","0"
"FastElements","OptimizedQuickSort","RandomPermutation","16000000","884495148","2934","0"
"FastElements","OptimizedQuickSort","RandomPermutation","17000000","938049040","3099","0"
"FastElements","OptimizedQuickSort","RandomPermutation","18000000","994433133","3277","0"
"FastElements","OptimizedQuickSort","RandomPermutation","19000000","1050326751","3500","0"
"FastElements","OptimizedQuickSort","RandomPermutation","20000000","1119637263","3599","0"
"FastElements","OptimizedQuickSort","RandomPermutation","21000000","1169488307","3894","0"
"FastElements","OptimizedQuickSort","RandomPermutation","22000000","1229280879","4130","0"
"FastElements","OptimizedQuickSort","RandomPermutation","23000000","1281322213","4273","0"
"FastElements","OptimizedQuickSort","RandomPermutation","24000000","1351903336","4378","0"
"FastElements","OptimizedQuickSort","RandomPermutation","25000000","1399562407","4652","0"
"FastElements","OptimizedQuickSort","RandomPermutation","26000000","1465333308","4830","0"
"FastElements","OptimizedQuickSort","RandomPermutation","27000000","1512202705","5119","0"
"FastElements","OptimizedQuickSort","RandomPermutation","28000000","1581646908","5808","0"
"FastElements","OptimizedQuickSort","RandomPermutation","29000000","1644453618","5405","0"
"FastElements","OptimizedQuickSort","RandomPermutation","30000000","1704040149","5787","0"
"FastElements","QuickSort(MEDIAN_OF_THREE,Iterative)","RandomPermutation","1000000","30927315","173","1714041"
"FastElements","QuickSort(MEDIAN_OF_THREE,Iterative)","RandomPermutation","2000000","64852452","365","3428865"
"FastElements","QuickSort(MEDIAN_OF_THREE,Iterative)","RandomPermutation","3000000","100150279","529","5141895"
"FastElements","QuickSort(MEDIAN_OF_THREE,Iterative)","RandomPermutation","4000000","136179495","747","6858555"
"FastElements","QuickSort(MEDIAN_OF_THREE,Iterative)","RandomPermutation","5000000","175236366","896","8571228"
"FastElements","QuickSort(MEDIAN_OF_THREE,Iterative)","RandomPermutation","6000000","210195649","1083","10286418"
"FastElements","QuickSort(MEDIAN_OF_THREE,Iterative)","RandomPermutation","7000000","247384688","1234","12000369"
"FastElements","QuickSort(MEDIAN_OF_THREE,Iterative)","RandomPermutation","8000000","288981771","1460","13714725"
"FastElements","QuickSort(MEDIAN_OF_THREE,Iterative)","RandomPermutation","9000000","327941454","1703","15429318"
"FastElements","QuickSort(MEDIAN_OF_THREE,Iterative)","RandomPermutation","10000000","362078716","1957","17142123"
"FastElements","QuickSort(MEDIAN_OF_THREE,Iterative)","RandomPermutation","11000000","404503871","2101","18856392"
"FastElements","QuickSort(MEDIAN_OF_THREE,Iterative)","RandomPermutation","12000000","442308636","2322","20570292"
"FastElements","QuickSort(MEDIAN_OF_THREE,Iterative)","RandomPermutation","13000000","485100741","2379","22288341"
"FastElements","QuickSort(MEDIAN_OF_THREE,Iterative)","RandomPermutation","14000000","523825933","2609","23997498"
"FastElements","QuickSort(MEDIAN_OF_THREE,Iterative)","RandomPermutation","15000000","566791170","2848","25714578"
"FastElements","QuickSort(MEDIAN_OF_THREE,Iterative)","RandomPermutation","16000000","604450525","2995","27427794"
"FastElements","QuickSort(MEDIAN_OF_THREE,Iterative)","RandomPermutation","17000000","640882570","3284","29140713"
"FastElements","QuickSort(MEDIAN_OF_THREE,Iterative)","RandomPermutation","18000000","679541536","3385","30853884"
"FastElements","QuickSort(MEDIAN_OF_THREE,Iterative)","RandomPermutation","19000000","717921698","3633","32570517"
"FastElements","QuickSort(MEDIAN_OF_THREE,Iterative)","RandomPermutation","20000000","769660527","3872","34286487"